id,question_code,question_text_en,question_text_hi,question_text_ta,skill_id,weight,group_id,prerequisite_qid
1,AQ01_F1_Q001,"When I notice something unfamiliar, I feel interested in learning what it is about.",,,6,1,,
2,AQ01_F1_Q002,I enjoy paying attention to new or unusual things around me.,,,6,1,,
3,AQ01_F1_Q003,New topics usually catch my interest.,,,6,1,,
4,AQ01_F1_Q004,I prefer to focus only on things I already know well.,,,6,1,,
5,AQ01_F1_Q005,I usually avoid unfamiliar topics.,,,6,1,,
6,AQ01_F1_Q006,I express ideas in my own way rather than copying examples.,,,6,1,,
7,AQ01_F2_Q001,"When something is unclear, I feel like asking questions to understand it better.",,,6,1,,
8,AQ01_F2_Q002,I often think of questions when learning something new.,,,6,1,,
9,AQ01_F2_Q003,I like to figure out what I still don??????t understand about a topic.,,,6,1,,
10,AQ01_F2_Q004,"If I don??????t understand something, I usually ignore it.",,,6,1,,
11,AQ01_F2_Q005,I rarely think of questions while learning.,,,6,1,,
12,AQ01_F2_Q006,I combine ideas to create something new.,,,6,1,,
13,AQ01_F3_Q001,"When a topic interests me, I like to explore it beyond the basics.",,,6,1,,
14,AQ01_F3_Q002,I enjoy spending time understanding topics in more depth.,,,6,1,,
15,AQ01_F3_Q003,I like connecting different details about a topic I find interesting.,,,6,1,,
16,AQ01_F3_Q004,"Once I get the main idea, I usually stop thinking about it.",,,6,1,,
17,AQ01_F3_Q005,"I don??????t like spending extra time on topics, even if they interest me.",,,6,1,,
18,AQ01_F4_Q001,I often explore topics on my own without being asked.,,,6,1,,
19,AQ01_F4_Q002,"If something interests me, I try to learn more about it on my own.",,,6,1,,
20,AQ01_F4_Q003,I like starting to learn new things without waiting for instructions.,,,6,1,,
21,AQ01_F4_Q004,I usually wait for someone else to tell me what to learn next.,,,6,1,,
22,AQ01_F4_Q005,I don??????t usually explore topics unless it is required.,,,6,1,,
23,AQ02_F1_Q001,"When faced with a problem, I try to clearly understand what the problem actually is before thinking of answers.",,,6,1,,
24,AQ02_F1_Q002,I like to break down a confusing situation to understand what is really being asked.,,,6,1,,
25,AQ02_F1_Q003,"Before responding, I try to make sure I understand the question or situation clearly.",,,6,1,,
26,AQ02_F1_Q004,I often jump into answering without fully understanding the problem.,,,6,1,,
27,AQ02_F1_Q005,I rarely pause to clarify what a problem is asking.,,,6,1,,
28,AQ02_F1_Q006,I question information before accepting it as correct.,,,6,1,,
29,AQ02_F2_Q001,"When thinking about an issue, I try to arrange my thoughts in a clear order.",,,6,1,,
30,AQ02_F2_Q002,I find it helpful to think step by step when dealing with a problem.,,,6,1,,
31,AQ02_F2_Q003,I try to connect ideas in a sensible order when explaining something.,,,6,1,,
32,AQ02_F2_Q004,My thoughts often feel scattered when I try to understand a problem.,,,6,1,,
33,AQ02_F2_Q005,I usually think about problems in a random order.,,,6,1,,
34,AQ02_F2_Q006,I build on ideas shared by others during group work.,,,6,1,,
35,AQ02_F3_Q001,I try to look at a problem from more than one point of view.,,,6,1,,
36,AQ02_F3_Q002,I think about how different people might see the same situation.,,,6,1,,
37,AQ02_F3_Q003,I like to consider different angles before forming an opinion.,,,6,1,,
38,AQ02_F3_Q004,I usually stick to one viewpoint when thinking about a problem.,,,6,1,,
39,AQ02_F3_Q005,I rarely think about alternative ways of seeing a situation.,,,6,1,,
40,AQ02_F4_Q001,I try to be clear and specific about what I want to understand.,,,6,1,,
41,AQ02_F4_Q002,I find it helpful to focus on exact details when asking or thinking about something.,,,6,1,,
42,AQ02_F4_Q003,I try to avoid being vague when thinking about a problem.,,,6,1,,
43,AQ02_F4_Q004,I am usually comfortable with unclear or vague questions.,,,6,1,,
44,AQ02_F4_Q005,I don??????t feel the need to be specific when trying to understand something.,,,6,1,,
45,AQ03_F1_Q001,I notice similarities when situations or problems repeat.,,,18,1,,
46,AQ03_F1_Q002,I can spot common patterns across different examples.,,,18,1,,
47,AQ03_F1_Q003,I try to connect repeated ideas or steps when learning something.,,,18,1,,
48,AQ03_F1_Q004,I rarely notice patterns unless someone points them out.,,,18,1,,
49,AQ03_F1_Q005,I usually see each situation as completely separate from others.,,,18,1,,
50,AQ03_F1_Q006,I break complex information into smaller parts to understand it.,,,18,1,,
51,AQ03_F2_Q001,"I try to understand why something happened, not just what happened.",,,18,1,,
52,AQ03_F2_Q002,I think about how one action can lead to another.,,,18,1,,
53,AQ03_F2_Q003,I try to trace results back to their possible causes.,,,18,1,,
54,AQ03_F2_Q004,I don??????t usually think about what caused a situation.,,,18,1,,
55,AQ03_F2_Q005,"Outcomes often feel random to me, without clear reasons.",,,18,1,,
56,AQ03_F2_Q006,I check where information comes from before using it.,,,18,1,,
57,AQ03_F3_Q001,I like comparing different options before choosing one.,,,18,1,,
58,AQ03_F3_Q002,I think about the pros and cons of different choices.,,,18,1,,
59,AQ03_F3_Q003,I find it helpful to compare examples to understand differences.,,,18,1,,
60,AQ03_F3_Q004,I usually choose without comparing options.,,,18,1,,
61,AQ03_F3_Q005,I rarely evaluate one option against another.,,,18,1,,
62,AQ03_F4_Q001,I prefer to base my conclusions on information rather than guesses.,,,18,1,,
63,AQ03_F4_Q002,I feel more confident deciding when I have supporting facts.,,,18,1,,
64,AQ03_F4_Q003,I try to check information before accepting a conclusion.,,,18,1,,
65,AQ03_F4_Q004,I often accept conclusions without checking supporting details.,,,18,1,,
66,AQ03_F4_Q005,I am comfortable deciding without much information.,,,18,1,,
67,AQ03_F5_Q001,I try to notice mistakes when reviewing my thinking.,,,18,1,,
68,AQ03_F5_Q002,I check my reasoning to see if something might be wrong.,,,18,1,,
69,AQ03_F5_Q003,I am willing to correct my thinking when I notice a mistake.,,,18,1,,
70,AQ03_F5_Q004,I usually assume my first answer is correct.,,,18,1,,
71,AQ03_F5_Q005,I don??????t often review my thinking for possible mistakes.,,,18,1,,
72,AQ04_F1_Q001,I like combining ideas from different places to form a new understanding.,,,18,1,,
73,AQ04_F1_Q002,I often connect ideas that are usually thought of separately.,,,18,1,,
74,AQ04_F1_Q003,I enjoy finding links between ideas from different topics.,,,18,1,,
75,AQ04_F1_Q004,I usually keep ideas separate rather than mixing them.,,,18,1,,
76,AQ04_F1_Q005,I rarely think about how different ideas might fit together.,,,18,1,,
77,AQ04_F1_Q006,I look for reasons behind claims or statements.,,,18,1,,
78,AQ04_F2_Q001,I like trying different ways to approach a problem.,,,18,1,,
79,AQ04_F2_Q002,I often think about problems in a way that feels different from usual.,,,18,1,,
80,AQ04_F2_Q003,I enjoy experimenting with new approaches when solving problems.,,,18,1,,
81,AQ04_F2_Q004,I prefer to use only familiar methods when dealing with problems.,,,18,1,,
82,AQ04_F2_Q005,I rarely consider alternative ways to handle a problem.,,,18,1,,
83,AQ04_F2_Q006,I look for relationships between different pieces of information.,,,18,1,,
84,AQ04_F3_Q001,I can shift my thinking when I look at an idea from a new angle.,,,18,1,,
85,AQ04_F3_Q002,I find itEasyto adjust how I think about something.,,,18,1,,
86,AQ04_F3_Q003,I can move between different ideas without feeling stuck.,,,18,1,,
87,AQ04_F3_Q004,I find it hard to change how I think once I start.,,,18,1,,
88,AQ04_F3_Q005,I usually stick to one way of thinking about an idea.,,,18,1,,
89,AQ04_F3_Q006,I identify the main issue before trying to solve a problem.,,,18,1,,
90,AQ04_F4_Q001,I like adding more details to an idea once I understand it.,,,18,1,,
91,AQ04_F4_Q002,I enjoy building on an idea to see how far it can go.,,,18,1,,
92,AQ04_F4_Q003,I often think about how an idea could be developed further.,,,18,1,,
93,AQ04_F4_Q004,"Once I understand an idea, I don??????t usually think beyond it.",,,18,1,,
94,AQ04_F4_Q005,I rarely try to expand ideas beyond their basic form.,,,18,1,,
95,AQ04_F5_Q001,I try to apply ideas from one situation to another.,,,18,1,,
96,AQ04_F5_Q002,I enjoy using what I learn in new or different situations.,,,18,1,,
97,AQ04_F5_Q003,I think about how ideas from one area could help in another.,,,18,1,,
98,AQ04_F5_Q004,I usually keep ideas limited to where I learned them.,,,18,1,,
99,AQ04_F5_Q005,I rarely think about using ideas in different situations.,,,18,1,,
100,AQ05_F1_Q001,"When I have a goal, I like to think about the smaller parts needed to reach it.",,,1,1,,
101,AQ05_F1_Q002,I find it helpful to divide a task into steps before starting.,,,1,1,,
102,AQ05_F1_Q003,"I usually think about what needs to be done first, second, and later.",,,1,1,,
103,AQ05_F1_Q004,I prefer to think about a goal as one big task rather than smaller parts.,,,1,1,,
104,AQ05_F1_Q005,I rarely break goals into smaller steps in my mind.,,,1,1,,
105,AQ05_F1_Q006,I examine details before forming a conclusion.,,,1,1,,
106,AQ05_F2_Q001,I like to think about the order in which steps should be done.,,,1,1,,
107,AQ05_F2_Q002,I find it useful to plan which step should come next.,,,1,1,,
108,AQ05_F2_Q003,I try to arrange actions in a logical order before starting.,,,1,1,,
109,AQ05_F2_Q004,I usually think about steps only as they happen.,,,1,1,,
110,AQ05_F2_Q005,I don??????t often plan the order of steps ahead of time.,,,1,1,,
111,AQ05_F2_Q006,I consider alternative explanations when reviewing information.,,,1,1,,
112,AQ05_F3_Q001,I think about possible challenges before starting something.,,,1,1,,
113,AQ05_F3_Q002,I consider what might make a task harder before beginning.,,,1,1,,
114,AQ05_F3_Q003,I try to think ahead about problems that could come up.,,,1,1,,
115,AQ05_F3_Q004,I usually don??????t think about challenges until they happen.,,,1,1,,
116,AQ05_F3_Q005,Possible problems rarely cross my mind before starting a task.,,,1,1,,
117,AQ05_F4_Q001,"If a plan isn??????t working, I think about how to change it.",,,1,1,,
118,AQ05_F4_Q002,I am open to adjusting my plan when new information appears.,,,1,1,,
119,AQ05_F4_Q003,I think about alternative plans if my first idea changes.,,,1,1,,
120,AQ05_F4_Q004,I prefer to stick to my original plan even if things change.,,,1,1,,
121,AQ05_F4_Q005,I find it hard to rethink a plan once I have made one.,,,1,1,,
122,AQ05_F5_Q001,I like to think about how a plan will be completed from start to end.,,,1,1,,
123,AQ05_F5_Q002,I imagine the steps needed to finish something I start.,,,1,1,,
124,AQ05_F5_Q003,I think ahead about what remains to be done as I progress.,,,1,1,,
125,AQ05_F5_Q004,I usually focus only on the starting part of a plan.,,,1,1,,
126,AQ05_F5_Q005,I don??????t often think about how a task will finish.,,,1,1,,
127,AQ06_F1_Q001,I can keep my attention on one task for a while without feeling pulled away.,,,1,1,,
128,AQ06_F1_Q002,I am able to stay focused on what I am doing for a steady period of time.,,,1,1,,
129,AQ06_F1_Q003,My attention usually remains on the task I start.,,,1,1,,
130,AQ06_F1_Q004,My attention often drifts away soon after I begin a task.,,,1,1,,
131,AQ06_F1_Q005,I find it hard to keep my attention on one thing for long.,,,1,1,,
132,AQ06_F1_Q006,I compare different explanations before deciding which makes sense.,,,1,1,,
133,AQ06_F2_Q001,"When distractions appear, I notice them and try to return my focus.",,,1,1,,
134,AQ06_F2_Q002,I can bring my attention back after being distracted.,,,1,1,,
135,AQ06_F2_Q003,I am aware when something pulls my attention away.,,,1,1,,
136,AQ06_F2_Q004,"Once distracted, I usually stay distracted.",,,1,1,,
137,AQ06_F2_Q005,I rarely notice when distractions take my attention away.,,,1,1,,
138,AQ06_F2_Q006,I evaluate the reliability of information sources.,,,1,1,,
139,AQ06_F3_Q001,I feel mentally involved in tasks I am working on.,,,1,1,,
140,AQ06_F3_Q002,My attention feels fully engaged when I am working on something.,,,1,1,,
141,AQ06_F3_Q003,I tend to think deeply about what I am doing while working on a task.,,,1,1,,
142,AQ06_F3_Q004,I often work on tasks without being mentally involved.,,,1,1,,
143,AQ06_F3_Q005,My mind usually stays at the surface level of a task.,,,1,1,,
144,AQ06_F3_Q006,I compare information from multiple sources.,,,1,1,,
145,AQ06_F4_Q001,I am aware when I shift my attention from one task to another.,,,1,1,,
146,AQ06_F4_Q002,I can manage switching my focus without feeling scattered.,,,1,1,,
147,AQ06_F4_Q003,I notice how switching tasks affects my focus.,,,1,1,,
148,AQ06_F4_Q004,My attention jumps between tasks without much control.,,,1,1,,
149,AQ06_F4_Q005,I switch my attention without noticing it happening.,,,1,1,,
150,AQ06_F4_Q006,I review information for accuracy before relying on it.,,,1,1,,
151,AQ06_F5_Q001,I am aware of when my attention is strong or weak.,,,1,1,,
152,AQ06_F5_Q002,I can tell when my focus starts to change.,,,1,1,,
153,AQ06_F5_Q003,I notice when my mind begins to drift.,,,1,1,,
154,AQ06_F5_Q004,I am often unaware of changes in my attention.,,,1,1,,
155,AQ06_F5_Q005,I usually don??????t notice when my focus fades.,,,1,1,,
156,AQ07_F1_Q001,I notice when my emotions change during the day.,,,1,1,,
157,AQ07_F1_Q002,I can tell when a feeling starts to influence me.,,,1,1,,
158,AQ07_F1_Q003,I am aware of how I am feeling in different situations.,,,1,1,,
159,AQ07_F1_Q004,I often realize how I was feeling only after it has passed.,,,1,1,,
160,AQ07_F1_Q005,I rarely notice my emotions while they are happening.,,,1,1,,
161,AQ07_F1_Q006,I understand information better when details connect to a broader idea.,,,1,1,,
162,AQ07_F2_Q001,"When I feel a strong emotion, I pause before reacting.",,,1,1,,
163,AQ07_F2_Q002,I notice emotional urges before I act on them.,,,1,1,,
164,AQ07_F2_Q003,I give myself a moment to think when emotions run high.,,,1,1,,
165,AQ07_F2_Q004,I usually react right away when I feel something strongly.,,,1,1,,
166,AQ07_F2_Q005,My emotions often push me to act without much thought.,,,1,1,,
167,AQ07_F2_Q006,I notice similarities in ideas even when they come from different situations.,,,1,1,,
168,AQ07_F2_Q007,I notice patterns when reviewing information carefully.,,,1,1,,
169,AQ07_F3_Q001,"After feeling upset, I can return to a steady mood over time.",,,1,1,,
170,AQ07_F3_Q002,I am able to move forward after an emotional moment.,,,1,1,,
171,AQ07_F3_Q003,Strong emotions don??????t stay with me for too long.,,,1,1,,
172,AQ07_F3_Q004,I find it hard to regain balance after feeling upset.,,,1,1,,
173,AQ07_F3_Q005,Emotional moments affect me for a long time afterward.,,,1,1,,
174,AQ07_F3_Q006,I consider different solutions before choosing one.,,,1,1,,
175,AQ07_F4_Q001,I can stay emotionally steady when situations feel demanding.,,,1,1,,
176,AQ07_F4_Q002,I notice pressure without feeling overwhelmed right away.,,,1,1,,
177,AQ07_F4_Q003,Stressful moments don??????t immediately take over my emotions.,,,1,1,,
178,AQ07_F4_Q004,I feel emotionally shaken as soon as pressure increases.,,,1,1,,
179,AQ07_F4_Q005,Even small pressures strongly affect how I feel.,,,1,1,,
180,AQ07_F5_Q001,I am aware of how my feelings influence what I do.,,,1,1,,
181,AQ07_F5_Q002,My actions usually reflect how I am feeling at the time.,,,1,1,,
182,AQ07_F5_Q003,I notice when emotions guide my choices.,,,1,1,,
183,AQ07_F5_Q004,I act without noticing how emotions affect me.,,,1,1,,
184,AQ07_F5_Q005,My feelings influence my actions more than I realize.,,,1,1,,
185,AQ08_F1_Q001,"When something doesn??????t go as planned, I accept that setbacks can happen.",,,1,1,,
186,AQ08_F1_Q002,I recognize that challenges are a normal part of learning.,,,1,1,,
187,AQ08_F1_Q003,I can acknowledge a setback without getting stuck on it.,,,1,1,,
188,AQ08_F1_Q004,I find it hard to accept when things don??????t work out.,,,1,1,,
189,AQ08_F1_Q005,I usually struggle to acknowledge setbacks.,,,1,1,,
190,AQ08_F1_Q006,"When learning something new, I focus on understanding the main idea before looking at examples.",,,1,1,,
191,AQ08_F2_Q001,"After a difficulty, I am willing to try again.",,,1,1,,
192,AQ08_F2_Q002,I can restart my effort after facing a challenge.,,,1,1,,
193,AQ08_F2_Q003,I feel able to give another attempt when something is difficult.,,,1,1,,
194,AQ08_F2_Q004,"Once I face difficulty, I usually stop trying.",,,1,1,,
195,AQ08_F2_Q005,I find it hard to start again after a setback.,,,1,1,,
196,AQ08_F2_Q006,"When faced with a problem, I think about the general principle involved.",,,1,1,,
197,AQ08_F3_Q001,I see challenges as situations that can be handled over time.,,,1,1,,
198,AQ08_F3_Q002,I think about what a challenge requires rather than avoiding it.,,,1,1,,
199,AQ08_F3_Q003,I try to understand challenges instead of seeing them as blocks.,,,1,1,,
200,AQ08_F3_Q004,I usually see challenges as barriers I can??????t work around.,,,1,1,,
201,AQ08_F3_Q005,Difficult situations feel unmanageable to me.,,,1,1,,
202,AQ08_F3_Q006,I connect ideas from different sources when sharing my thoughts.,,,1,1,,
203,AQ08_F4_Q001,"When facing difficulty, I think about ways to handle it.",,,1,1,,
204,AQ08_F4_Q002,I consider different ways to deal with challenges.,,,1,1,,
205,AQ08_F4_Q003,I try to use approaches that help me manage difficulty.,,,1,1,,
206,AQ08_F4_Q004,I don??????t usually think about how to handle difficulties.,,,1,1,,
207,AQ08_F4_Q005,I rarely use any approach when facing challenges.,,,1,1,,
208,AQ08_F5_Q001,I continue working even when something feels difficult.,,,1,1,,
209,AQ08_F5_Q002,I stay engaged even when progress is slow.,,,1,1,,
210,AQ08_F5_Q003,I keep going when tasks become challenging.,,,1,1,,
211,AQ08_F5_Q004,I usually stop when something feels too hard.,,,1,1,,
212,AQ08_F5_Q005,I avoid continuing when difficulties appear.,,,1,1,,
213,AQ09_F1_Q001,I usually finish tasks that I start.,,,1,1,,
214,AQ09_F1_Q002,"I like to complete what I begin, even if it takes time.",,,1,1,,
215,AQ09_F1_Q003,"If I start something, I try to bring it to a clear ending.",,,1,1,,
216,AQ09_F1_Q004,I often leave tasks unfinished once I have begun them.,,,1,1,,
217,AQ09_F1_Q005,I usually stop before finishing what I start.,,,1,1,,
218,AQ09_F1_Q006,I can use an idea I learned earlier to understand a different situation.,,,1,1,,
219,AQ09_F2_Q001,I can stick to simple routines I set for myself.,,,1,1,,
220,AQ09_F2_Q002,I like repeating helpful habits regularly.,,,1,1,,
221,AQ09_F2_Q003,I usually do certain tasks in a steady pattern without needing reminders.,,,1,1,,
222,AQ09_F2_Q004,I find it hard to keep routines going for more than a short time.,,,1,1,,
223,AQ09_F2_Q005,I often stop following routines I planned for myself.,,,1,1,,
224,AQ09_F2_Q006,I try different ways to express the same idea.,,,1,1,,
225,AQ09_F3_Q001,"I put in effort regularly, even when progress is slow.",,,1,1,,
226,AQ09_F3_Q002,I can keep trying at a steady level across many days.,,,1,1,,
227,AQ09_F3_Q003,I tend to give similar effort each time I work on something.,,,1,1,,
228,AQ09_F3_Q004,My effort changes a lot from day to day.,,,1,1,,
229,AQ09_F3_Q005,I often work hard one day and then not try much the next day.,,,1,1,,
230,AQ09_F3_Q006,I apply known methods to address real situations.,,,1,1,,
231,AQ09_F4_Q001,I can wait for a better result instead of choosing anEasyoption right away.,,,1,1,,
232,AQ09_F4_Q002,I am okay with doing something now even if the reward comes later.,,,1,1,,
233,AQ09_F4_Q003,I can stick with a task even when there is no quick reward.,,,1,1,,
234,AQ09_F4_Q004,"I prefer quick results, even if they are smaller.",,,1,1,,
235,AQ09_F4_Q005,It is hard for me to wait for outcomes that take time.,,,1,1,,
236,AQ09_F5_Q001,I check my own progress without needing someone else to ask me.,,,1,1,,
237,AQ09_F5_Q002,I notice when I have not followed what I planned for myself.,,,1,1,,
238,AQ09_F5_Q003,I remind myself of my own commitments.,,,1,1,,
239,AQ09_F5_Q004,I usually rely on others to tell me if I am on track.,,,1,1,,
240,AQ09_F5_Q005,I rarely review my own progress unless someone reminds me.,,,1,1,,
241,AQ10_F1_Q001,I am aware of things I usually do well.,,,5,1,,
242,AQ10_F1_Q002,I know which activities suit me best.,,,5,1,,
243,AQ10_F1_Q003,I can identify areas where I tend to perform comfortably.,,,5,1,,
244,AQ10_F1_Q004,I rarely think about what I am good at.,,,5,1,,
245,AQ10_F1_Q005,I find it hard to recognize my own strong points.,,,5,1,,
246,AQ10_F1_Q006,I adjust how I approach tasks when situations change.,,,5,1,,
247,AQ10_F2_Q001,I am aware of areas that are challenging for me.,,,5,1,,
248,AQ10_F2_Q002,I can tell which tasks I usually find difficult.,,,5,1,,
249,AQ10_F2_Q003,I notice when something is harder for me than expected.,,,5,1,,
250,AQ10_F2_Q004,I usually don??????t think about my limitations.,,,5,1,,
251,AQ10_F2_Q005,I avoid noticing areas where I struggle.,,,5,1,,
252,AQ10_F2_Q006,I explore new ways to present information.,,,5,1,,
253,AQ10_F3_Q001,I can see how my actions affect what happens next.,,,5,1,,
254,AQ10_F3_Q002,I notice patterns between what I do and the results I get.,,,5,1,,
255,AQ10_F3_Q003,I think about how my choices influence outcomes.,,,5,1,,
256,AQ10_F3_Q004,I rarely connect my actions with what happens afterward.,,,5,1,,
257,AQ10_F3_Q005,I don??????t often reflect on how my actions affect results.,,,5,1,,
258,AQ10_F4_Q001,I adjust what I do based on what I notice about myself.,,,5,1,,
259,AQ10_F4_Q002,I make small changes when I see something isn??????t working for me.,,,5,1,,
260,AQ10_F4_Q003,I use past experiences to guide what I try next.,,,5,1,,
261,AQ10_F4_Q004,I usually keep doing the same thing even if it doesn??????t suit me.,,,5,1,,
262,AQ10_F4_Q005,I find it hard to change my approach based on reflection.,,,5,1,,
263,AQ10_F5_Q001,I pay attention to my own reactions while working on something.,,,5,1,,
264,AQ10_F5_Q002,I notice signals from myself that tell me how something is going.,,,5,1,,
265,AQ10_F5_Q003,I reflect on my own responses during tasks.,,,5,1,,
266,AQ10_F5_Q004,I usually ignore my own reactions while doing things.,,,5,1,,
267,AQ10_F5_Q005,I don??????t often notice how I respond internally to tasks.,,,5,1,,
268,AQ11_F1_Q001,I am able to express my ideas in a way others can understand.,,,1,1,,
269,AQ11_F1_Q002,I can explain what I mean without confusing others.,,,1,1,,
270,AQ11_F1_Q003,I usually say what I mean clearly.,,,1,1,,
271,AQ11_F1_Q004,People often misunderstand what I am trying to say.,,,1,1,,
272,AQ11_F1_Q005,I struggle to put my ideas into clear words.,,,1,1,,
273,AQ11_F1_Q006,I adjust solutions based on what works in practice.,,,1,1,,
274,AQ11_F2_Q001,I organise my thoughts before sharing them.,,,1,1,,
275,AQ11_F2_Q002,I think about how to arrange my ideas before speaking.,,,1,1,,
276,AQ11_F2_Q003,My ideas usually come out in a clear order.,,,1,1,,
277,AQ11_F2_Q004,I often share ideas without organising them first.,,,1,1,,
278,AQ11_F2_Q005,My thoughts feel scattered when I try to explain something.,,,1,1,,
279,AQ11_F3_Q001,I adjust how I explain things depending on the situation.,,,1,1,,
280,AQ11_F3_Q002,I change my way of speaking based on who I am talking to.,,,1,1,,
281,AQ11_F3_Q003,I think about the situation before sharing my thoughts.,,,1,1,,
282,AQ11_F3_Q004,I explain things the same way in all situations.,,,1,1,,
283,AQ11_F3_Q005,I rarely change how I express myself based on context.,,,1,1,,
284,AQ11_F4_Q001,I focus on understanding what others are saying.,,,1,1,,
285,AQ11_F4_Q002,I listen carefully to grasp the main point.,,,1,1,,
286,AQ11_F4_Q003,I try to understand others before responding.,,,1,1,,
287,AQ11_F4_Q004,I often think about my reply instead of listening fully.,,,1,1,,
288,AQ11_F4_Q005,I miss important points when others are speaking.,,,1,1,,
289,AQ11_F5_Q001,I ask questions when something is not clear to me.,,,1,1,,
290,AQ11_F5_Q002,I seek clarification to avoid misunderstandings.,,,1,1,,
291,AQ11_F5_Q003,I check my understanding when needed.,,,1,1,,
292,AQ11_F5_Q004,I usually stay quiet even when I don??????t fully understand.,,,1,1,,
293,AQ11_F5_Q005,I avoid asking for clarification.,,,1,1,,
294,AQ12_F1_Q001,I contribute my effort when working as part of a group.,,,21,1,,
295,AQ12_F1_Q002,I take part in shared work when tasks are done together.,,,21,1,,
296,AQ12_F1_Q003,I put in my share of effort during group activities.,,,21,1,,
297,AQ12_F1_Q004,I often leave most of the work to others in a group.,,,21,1,,
298,AQ12_F1_Q005,I rarely take an active role when working in a group.,,,21,1,,
299,AQ12_F2_Q001,I am comfortable taking on different roles in a group.,,,21,1,,
300,AQ12_F2_Q002,I can adjust my role when group needs change.,,,21,1,,
301,AQ12_F2_Q003,I am open to doing different tasks within a team.,,,21,1,,
302,AQ12_F2_Q004,I prefer sticking to only one role in group work.,,,21,1,,
303,AQ12_F2_Q005,I find it hard to adjust my role once it is set.,,,21,1,,
304,AQ12_F3_Q001,I keep the group??????s goal in mind while working with others.,,,21,1,,
305,AQ12_F3_Q002,I think about how my actions affect the group??????s outcome.,,,21,1,,
306,AQ12_F3_Q003,I adjust what I do to support the group??????s objective.,,,21,1,,
307,AQ12_F3_Q004,I focus more on my own part than the group??????s goal.,,,21,1,,
308,AQ12_F3_Q005,I don??????t usually think about the group??????s overall aim.,,,21,1,,
309,AQ12_F4_Q001,I interact with others in a way that helps group work continue smoothly.,,,21,1,,
310,AQ12_F4_Q002,I try to keep discussions useful when working with others.,,,21,1,,
311,AQ12_F4_Q003,I respond in ways that support group progress.,,,21,1,,
312,AQ12_F4_Q004,My interactions sometimes slow down group work.,,,21,1,,
313,AQ12_F4_Q005,I often add comments that don??????t help the group move forward.,,,21,1,,
314,AQ12_F5_Q001,I respond when others in the group need support to continue.,,,21,1,,
315,AQ12_F5_Q002,I offer help when it supports group progress.,,,21,1,,
316,AQ12_F5_Q003,I notice when my support can help the group move ahead.,,,21,1,,
317,AQ12_F5_Q004,I usually focus only on my own work during group tasks.,,,21,1,,
318,AQ12_F5_Q005,I rarely respond when others in the group need assistance.,,,21,1,,
319,AQ13_F1_Q001,I notice when someone??????s mood seems different.,,,21,1,,
320,AQ13_F1_Q002,I can tell when someone is feeling uncomfortable.,,,21,1,,
321,AQ13_F1_Q003,I notice changes in how people behave when they feel different.,,,21,1,,
322,AQ13_F1_Q004,I often miss signs of how others are feeling.,,,21,1,,
323,AQ13_F1_Q005,I don??????t usually notice emotional signals from others.,,,21,1,,
324,AQ13_F1_Q006,I organize information to make it easier to understand.,,,21,1,,
325,AQ13_F2_Q001,I try to think about how a situation looks from another person??????s side.,,,21,1,,
326,AQ13_F2_Q002,I consider different viewpoints before forming an opinion.,,,21,1,,
327,AQ13_F2_Q003,I think about why others might see things differently.,,,21,1,,
328,AQ13_F2_Q004,I usually focus only on my own point of view.,,,21,1,,
329,AQ13_F2_Q005,I find it hard to imagine how others might think.,,,21,1,,
330,AQ13_F2_Q006,I evaluate results to improve future problem-solving.,,,21,1,,
331,AQ13_F3_Q001,I notice what kind of behaviour fits a situation.,,,21,1,,
332,AQ13_F3_Q002,I am aware that different situations call for different behaviour.,,,21,1,,
333,AQ13_F3_Q003,I pay attention to how a situation affects interactions.,,,21,1,,
334,AQ13_F3_Q004,I usually don??????t think much about the situation when interacting with others.,,,21,1,,
335,AQ13_F3_Q005,I act the same way regardless of the situation.,,,21,1,,
336,AQ13_F4_Q001,I think about how my actions affect others.,,,21,1,,
337,AQ13_F4_Q002,I notice how my behaviour influences people around me.,,,21,1,,
338,AQ13_F4_Q003,I consider how others might react to what I do.,,,21,1,,
339,AQ13_F4_Q004,I rarely think about how my actions affect others.,,,21,1,,
340,AQ13_F4_Q005,I don??????t usually consider how others feel about my actions.,,,21,1,,
341,AQ13_F5_Q001,I pay attention to feedback from others about my behaviour.,,,21,1,,
342,AQ13_F5_Q002,I notice when others react to something I have done.,,,21,1,,
343,AQ13_F5_Q003,I adjust my behaviour when I receive clear feedback.,,,21,1,,
344,AQ13_F5_Q004,I often ignore feedback from others.,,,21,1,,
345,AQ13_F5_Q005,I don??????t usually change my behaviour based on others?????? reactions.,,,21,1,,
346,AQ14_F1_Q001,I am willing to start a task when no one else has begun.,,,9,1,,
347,AQ14_F1_Q002,I step forward to begin work when a group is unsure how to start.,,,9,1,,
348,AQ14_F1_Q003,I take the first step when something needs to be done.,,,9,1,,
349,AQ14_F1_Q004,I usually wait for others to start before I act.,,,9,1,,
350,AQ14_F1_Q005,I avoid being the first person to begin a task.,,,9,1,,
351,AQ14_F1_Q006,I set clear outcomes before starting tasks.,,,9,1,,
352,AQ14_F2_Q001,I am willing to take responsibility when a task needs someone to do it.,,,9,1,,
353,AQ14_F2_Q002,I accept responsibility when it is needed in a group.,,,9,1,,
354,AQ14_F2_Q003,I am comfortable being responsible for a shared task.,,,9,1,,
355,AQ14_F2_Q004,I try to avoid taking responsibility in group tasks.,,,9,1,,
356,AQ14_F2_Q005,I prefer not to be responsible when working with others.,,,9,1,,
357,AQ14_F2_Q006,I review outcomes to improve future planning.,,,9,1,,
358,AQ14_F3_Q001,I suggest next steps when a group is unsure what to do.,,,9,1,,
359,AQ14_F3_Q002,I share ideas about how a task could move forward.,,,9,1,,
360,AQ14_F3_Q003,I help set direction when a group needs guidance.,,,9,1,,
361,AQ14_F3_Q004,I avoid suggesting direction during group work.,,,9,1,,
362,AQ14_F3_Q005,I rarely offer ideas about where a task should go next.,,,9,1,,
363,AQ14_F4_Q001,I am comfortable making decisions when a group needs one.,,,9,1,,
364,AQ14_F4_Q002,I can decide on a course of action when required.,,,9,1,,
365,AQ14_F4_Q003,I am willing to choose between options when needed.,,,9,1,,
366,AQ14_F4_Q004,I prefer others to make decisions in group tasks.,,,9,1,,
367,AQ14_F4_Q005,I hesitate to make decisions even when needed.,,,9,1,,
368,AQ14_F5_Q001,I support others so the group can move forward.,,,9,1,,
369,AQ14_F5_Q002,I help others when it keeps the task moving.,,,9,1,,
370,AQ14_F5_Q003,I encourage others to stay engaged in group work.,,,9,1,,
371,AQ14_F5_Q004,I focus only on my part rather than supporting others.,,,9,1,,
372,AQ14_F5_Q005,I rarely support others during group tasks.,,,9,1,,
373,AQ15_F1_Q001,I think about whether situations are fair to everyone involved.,,,15,1,,
374,AQ15_F1_Q002,I notice when decisions may benefit some people more than others.,,,15,1,,
375,AQ15_F1_Q003,I consider fairness when choices affect more than one person.,,,15,1,,
376,AQ15_F1_Q004,I rarely think about fairness when decisions involve others.,,,15,1,,
377,AQ15_F1_Q005,Fairness usually doesn??????t come to mind when I make choices.,,,15,1,,
378,AQ15_F1_Q006,I track progress toward what I want to achieve.,,,15,1,,
379,AQ15_F2_Q001,I think about how my actions might affect others.,,,15,1,,
380,AQ15_F2_Q002,I consider possible effects of my choices on people around me.,,,15,1,,
381,AQ15_F2_Q003,I notice when my actions influence others?????? experiences.,,,15,1,,
382,AQ15_F2_Q004,I don??????t usually think about how my actions affect others.,,,15,1,,
383,AQ15_F2_Q005,I focus mainly on my own outcome when making decisions.,,,15,1,,
384,AQ15_F2_Q006,I continue working on tasks even when progress is slow.,,,15,1,,
385,AQ15_F3_Q001,I try to make choices that match what I believe is important.,,,15,1,,
386,AQ15_F3_Q002,I think about whether my actions match my own standards.,,,15,1,,
387,AQ15_F3_Q003,I reflect on whether my decisions align with what I value.,,,15,1,,
388,AQ15_F3_Q004,I don??????t usually think about whether my choices match my values.,,,15,1,,
389,AQ15_F3_Q005,My choices often feel separate from what I believe matters.,,,15,1,,
390,AQ15_F3_Q006,I keep working toward outcomes even after setbacks.,,,15,1,,
391,AQ15_F4_Q001,I reflect on the ethical side of decisions I make.,,,15,1,,
392,AQ15_F4_Q002,I think about right and fair aspects before deciding.,,,15,1,,
393,AQ15_F4_Q003,I consider ethical points when choices affect others.,,,15,1,,
394,AQ15_F4_Q004,I rarely reflect on ethical aspects of my decisions.,,,15,1,,
395,AQ15_F4_Q005,Ethics usually doesn??????t factor into my decision-making.,,,15,1,,
396,AQ15_F5_Q001,I can acknowledge my role in outcomes without blaming myself or others.,,,15,1,,
397,AQ15_F5_Q002,I focus on understanding responsibility rather than assigning blame.,,,15,1,,
398,AQ15_F5_Q003,I think about responsibility without needing to fault someone.,,,15,1,,
399,AQ15_F5_Q004,I usually look for someone to blame when things go wrong.,,,15,1,,
400,AQ15_F5_Q005,I find it hard to think about responsibility without blaming.,,,15,1,,
401,AQ16_F1_Q001,I compare different options before making a decision.,,,13,1,,
402,AQ16_F1_Q002,I think about more than one option before choosing.,,,13,1,,
403,AQ16_F1_Q003,I look at different ways to handle a situation before deciding.,,,13,1,,
404,AQ16_F1_Q004,I usually choose without comparing other options.,,,13,1,,
405,AQ16_F1_Q005,I rarely consider alternatives before deciding.,,,13,1,,
406,AQ16_F1_Q006,I pause before reacting when situations feel challenging.,,,13,1,,
407,AQ16_F2_Q001,I think about what might happen after I make a decision.,,,13,1,,
408,AQ16_F2_Q002,I consider possible results before choosing an option.,,,13,1,,
409,AQ16_F2_Q003,I think about how a decision could affect what happens next.,,,13,1,,
410,AQ16_F2_Q004,I decide without thinking much about the outcomes.,,,13,1,,
411,AQ16_F2_Q005,I don??????t usually think ahead when making decisions.,,,13,1,,
412,AQ16_F2_Q006,I recognize when emotions influence my decisions.,,,13,1,,
413,AQ16_F3_Q001,I use available information when deciding what to do.,,,13,1,,
414,AQ16_F3_Q002,I consider facts or details before making a choice.,,,13,1,,
415,AQ16_F3_Q003,I look at what I know before deciding between options.,,,13,1,,
416,AQ16_F3_Q004,I often decide without using much information.,,,13,1,,
417,AQ16_F3_Q005,I rely on guesses rather than information when deciding.,,,13,1,,
418,AQ16_F3_Q006,I adjust plans to stay aligned with goals.,,,13,1,,
419,AQ16_F4_Q001,I can make decisions even when I don??????t have all the details.,,,13,1,,
420,AQ16_F4_Q002,I am able to decide when information is limited.,,,13,1,,
421,AQ16_F4_Q003,I can move forward even if everything is not clear.,,,13,1,,
422,AQ16_F4_Q004,I avoid making decisions when details are missing.,,,13,1,,
423,AQ16_F4_Q005,I wait for complete information before deciding.,,,13,1,,
424,AQ16_F4_Q006,I stay focused on long-term tasks despite challenges.,,,13,1,,
425,AQ16_F5_Q001,I reflect on my decisions after they are made.,,,13,1,,
426,AQ16_F5_Q002,I think about what I learned from past decisions.,,,13,1,,
427,AQ16_F5_Q003,I review my choices to understand how they worked out.,,,13,1,,
428,AQ16_F5_Q004,I rarely look back at decisions I have made.,,,13,1,,
429,AQ16_F5_Q005,I don??????t usually reflect on past decisions.,,,13,1,,
430,AQ17_F1_Q001,I accept when plans or situations change.,,,9,1,,
431,AQ17_F1_Q002,I am able to move on when something changes unexpectedly.,,,9,1,,
432,AQ17_F1_Q003,I recognise when a situation is different from what was planned.,,,9,1,,
433,AQ17_F1_Q004,I find it hard to accept changes once plans are made.,,,9,1,,
434,AQ17_F1_Q005,I struggle to acknowledge when plans need to change.,,,9,1,,
435,AQ17_F1_Q006,I focus attention on steps that move me toward objectives.,,,9,1,,
436,AQ17_F2_Q001,I adjust what I do after a situation changes.,,,9,1,,
437,AQ17_F2_Q002,I change my actions when circumstances shift.,,,9,1,,
438,AQ17_F2_Q003,I modify my approach when things don??????t go as planned.,,,9,1,,
439,AQ17_F2_Q004,I keep doing the same thing even when situations change.,,,9,1,,
440,AQ17_F2_Q005,I find it hard to change my actions after a change.,,,9,1,,
441,AQ17_F3_Q001,I am willing to adjust plans when needed.,,,9,1,,
442,AQ17_F3_Q002,I revise plans if situations require it.,,,9,1,,
443,AQ17_F3_Q003,I can change plans without much difficulty.,,,9,1,,
444,AQ17_F3_Q004,I prefer sticking strictly to plans even when things change.,,,9,1,,
445,AQ17_F3_Q005,I find it difficult to adjust plans once they are set.,,,9,1,,
446,AQ17_F4_Q001,I am open to handling situations that are new to me.,,,9,1,,
447,AQ17_F4_Q002,I am willing to face unfamiliar situations when needed.,,,9,1,,
448,AQ17_F4_Q003,I can step into new situations without much hesitation.,,,9,1,,
449,AQ17_F4_Q004,I avoid situations that feel unfamiliar to me.,,,9,1,,
450,AQ17_F4_Q005,I feel uncomfortable entering new situations.,,,9,1,,
451,AQ17_F5_Q001,I am able to regain direction after a change disrupts plans.,,,9,1,,
452,AQ17_F5_Q002,I find a new way forward after plans change.,,,9,1,,
453,AQ17_F5_Q003,I continue working effectively after changes occur.,,,9,1,,
454,AQ17_F5_Q004,I struggle to get back on track after plans change.,,,9,1,,
455,AQ17_F5_Q005,I find it hard to move forward after a change.,,,9,1,,
456,AQ18_F1_Q001,I can continue working even when I feel pressured.,,,5,1,,
457,AQ18_F1_Q002,I am able to keep going when demands increase.,,,5,1,,
458,AQ18_F1_Q003,I function reasonably well even under pressure.,,,5,1,,
459,AQ18_F1_Q004,I find it hard to function when pressure builds up.,,,5,1,,
460,AQ18_F1_Q005,Pressure usually stops me from continuing tasks.,,,5,1,,
461,AQ18_F1_Q006,"When plans change, I reconsider my approach rather than sticking to the original one.",,,5,1,,
462,AQ18_F2_Q001,I try to stay calm when situations feel pressuring.,,,5,1,,
463,AQ18_F2_Q002,I can keep my reactions steady during pressure.,,,5,1,,
464,AQ18_F2_Q003,I remain composed when demands rise.,,,5,1,,
465,AQ18_F2_Q004,I become unsettled quickly when under pressure.,,,5,1,,
466,AQ18_F2_Q005,Pressure makes it hard for me to stay calm.,,,5,1,,
467,AQ18_F2_Q006,I rethink my approach when something does not work as expected.,,,5,1,,
468,AQ18_F3_Q001,I notice how pressure affects the way I work.,,,5,1,,
469,AQ18_F3_Q002,I am aware of changes in my behaviour when stressed.,,,5,1,,
470,AQ18_F3_Q003,I can tell when pressure starts affecting my focus.,,,5,1,,
471,AQ18_F3_Q004,I rarely notice how stress affects me.,,,5,1,,
472,AQ18_F3_Q005,I don??????t usually pay attention to stress effects on me.,,,5,1,,
473,AQ18_F3_Q006,I notice changes in my emotions during different situations.,,,5,1,,
474,AQ18_F4_Q001,I choose how to respond when I feel pressured.,,,5,1,,
475,AQ18_F4_Q002,I think about my response when situations feel stressful.,,,5,1,,
476,AQ18_F4_Q003,I am aware that I have options in how I react to pressure.,,,5,1,,
477,AQ18_F4_Q004,I react automatically without thinking when under pressure.,,,5,1,,
478,AQ18_F4_Q005,I feel I have no choice in how I respond to pressure.,,,5,1,,
479,AQ18_F4_Q006,I return to unfinished tasks to complete them.,,,5,1,,
480,AQ18_F5_Q001,I stay focused on tasks even when I feel stressed.,,,5,1,,
481,AQ18_F5_Q002,I can concentrate on what needs to be done despite pressure.,,,5,1,,
482,AQ18_F5_Q003,I keep my attention on tasks when stress increases.,,,5,1,,
483,AQ18_F5_Q004,Stress easily pulls my focus away from tasks.,,,5,1,,
484,AQ18_F5_Q005,I struggle to stay focused when pressure is present.,,,5,1,,
485,AQ19_F1_Q001,I set goals for myself when working on tasks.,,,5,1,,
486,AQ19_F1_Q002,I usually decide what I want to achieve before starting.,,,5,1,,
487,AQ19_F1_Q003,I think about targets I want to reach.,,,5,1,,
488,AQ19_F1_Q004,I rarely set goals for what I am doing.,,,5,1,,
489,AQ19_F1_Q005,I usually start tasks without thinking about goals.,,,5,1,,
490,AQ19_F1_Q006,I reflect on whether conclusions logically follow from evidence.,,,5,1,,
491,AQ19_F2_Q001,I keep working toward a goal once I decide on it.,,,5,1,,
492,AQ19_F2_Q002,I stay focused on my direction even if progress is slow.,,,5,1,,
493,AQ19_F2_Q003,I continue moving toward what I set out to do.,,,5,1,,
494,AQ19_F2_Q004,I often change direction before reaching my goals.,,,5,1,,
495,AQ19_F2_Q005,I find it hard to stay focused on one goal.,,,5,1,,
496,AQ19_F2_Q006,I am able to try different ways to handle unfamiliar situations.,,,5,1,,
497,AQ19_F3_Q001,I understand why I am working toward my goals.,,,5,1,,
498,AQ19_F3_Q002,I know the reason behind what I am trying to achieve.,,,5,1,,
499,AQ19_F3_Q003,I think about why a goal matters to me.,,,5,1,,
500,AQ19_F3_Q004,I don??????t usually think about why I set goals.,,,5,1,,
501,AQ19_F3_Q005,My goals often don??????t have a clear reason behind them.,,,5,1,,
502,AQ19_F4_Q001,I put effort into tasks even without reminders.,,,5,1,,
503,AQ19_F4_Q002,I motivate myself to work toward my goals.,,,5,1,,
504,AQ19_F4_Q003,I take initiative to work on goals on my own.,,,5,1,,
505,AQ19_F4_Q004,I rely on others to push me toward goals.,,,5,1,,
506,AQ19_F4_Q005,I struggle to put effort in unless someone else reminds me.,,,5,1,,
507,AQ19_F5_Q001,I review my goals to see if they still make sense.,,,5,1,,
508,AQ19_F5_Q002,I adjust my goals when situations change.,,,5,1,,
509,AQ19_F5_Q003,I think about improving or changing goals over time.,,,5,1,,
510,AQ19_F5_Q004,I rarely review goals once they are set.,,,5,1,,
511,AQ19_F5_Q005,I usually stick to goals without reconsidering them.,,,5,1,,
512,AQ20_F1_Q001,I can identify what matters most to me when making choices.,,,11,1,,
513,AQ20_F1_Q002,I am aware of the values that guide my decisions.,,,11,1,,
514,AQ20_F1_Q003,I know what is important to me when choosing between options.,,,11,1,,
515,AQ20_F1_Q004,I find it hard to identify what matters most to me.,,,11,1,,
516,AQ20_F1_Q005,I rarely think about what is important to me.,,,11,1,,
517,AQ20_F1_Q006,I adjust my responses when emotions could affect outcomes.,,,11,1,,
518,AQ20_F2_Q001,My actions usually reflect what I believe is important.,,,11,1,,
519,AQ20_F2_Q002,I try to act in ways that match my values.,,,11,1,,
520,AQ20_F2_Q003,I notice when my actions match what matters to me.,,,11,1,,
521,AQ20_F2_Q004,My actions often don??????t match what I believe is important.,,,11,1,,
522,AQ20_F2_Q005,I act without considering whether it aligns with my values.,,,11,1,,
523,AQ20_F2_Q006,I try to understand how others might feel in different situations.,,,11,1,,
524,AQ20_F3_Q001,I consider my values when making decisions.,,,11,1,,
525,AQ20_F3_Q002,My values influence how I choose between options.,,,11,1,,
526,AQ20_F3_Q003,I think about what matters to me before deciding.,,,11,1,,
527,AQ20_F3_Q004,I make choices without considering my values.,,,11,1,,
528,AQ20_F3_Q005,My decisions are usually separate from what matters to me.,,,11,1,,
529,AQ20_F3_Q006,I think about how actions may affect others.,,,11,1,,
530,AQ20_F4_Q001,I reflect on my values from time to time.,,,11,1,,
531,AQ20_F4_Q002,I think about whether my values are changing.,,,11,1,,
532,AQ20_F4_Q003,I review what matters to me as I grow.,,,11,1,,
533,AQ20_F4_Q004,I rarely think about my values.,,,11,1,,
534,AQ20_F4_Q005,I don??????t usually reflect on what matters to me.,,,11,1,,
535,AQ20_F5_Q001,I feel my actions generally align with what matters to me.,,,11,1,,
536,AQ20_F5_Q002,I experience a sense of alignment between my values and actions.,,,11,1,,
537,AQ20_F5_Q003,I notice when my choices fit with what I value.,,,11,1,,
538,AQ20_F5_Q004,I often feel a gap between what I value and how I act.,,,11,1,,
539,AQ20_F5_Q005,My actions frequently feel disconnected from my values.,,,11,1,,
540,AQ21_F1_Q001,I notice possible risks before taking action.,,,21,1,,
541,AQ21_F1_Q002,I think about what could go wrong in a situation.,,,21,1,,
542,AQ21_F1_Q003,I recognise risks that may not be obvious at first.,,,21,1,,
543,AQ21_F1_Q004,I often act without noticing possible risks.,,,21,1,,
544,AQ21_F1_Q005,I rarely think about risks before acting.,,,21,1,,
545,AQ21_F1_Q006,I change my methods based on what a situation requires.,,,21,1,,
546,AQ21_F2_Q001,I consider careful options before deciding.,,,21,1,,
547,AQ21_F2_Q002,I take a careful approach when making choices.,,,21,1,,
548,AQ21_F2_Q003,I frame decisions by considering safe options.,,,21,1,,
549,AQ21_F2_Q004,I usually decide quickly without much caution.,,,21,1,,
550,AQ21_F2_Q005,I don??????t think much about caution when choosing.,,,21,1,,
551,AQ21_F2_Q006,I manage emotional reactions to stay focused on tasks.,,,21,1,,
552,AQ21_F3_Q001,I consider both possible risks and benefits before deciding.,,,21,1,,
553,AQ21_F3_Q002,I weigh what could be gained against what could go wrong.,,,21,1,,
554,AQ21_F3_Q003,I think about advantages and risks together.,,,21,1,,
555,AQ21_F3_Q004,I focus only on benefits when making choices.,,,21,1,,
556,AQ21_F3_Q005,I rarely think about risks when benefits seem good.,,,21,1,,
557,AQ21_F3_Q006,I maintain effort when tasks take longer than expected.,,,21,1,,
558,AQ21_F4_Q001,I think about how to avoid problems before they happen.,,,21,1,,
559,AQ21_F4_Q002,I plan ways to reduce possible risks.,,,21,1,,
560,AQ21_F4_Q003,I consider steps to prevent issues.,,,21,1,,
561,AQ21_F4_Q004,I usually don??????t think about preventing problems.,,,21,1,,
562,AQ21_F4_Q005,I deal with problems only after they happen.,,,21,1,,
563,AQ21_F5_Q001,I adjust how cautious I am depending on the situation.,,,21,1,,
564,AQ21_F5_Q002,I become more careful in situations that feel risky.,,,21,1,,
565,AQ21_F5_Q003,I reduce caution when situations feel safe.,,,21,1,,
566,AQ21_F5_Q004,I use the same level of caution in all situations.,,,21,1,,
567,AQ21_F5_Q005,I rarely change how cautious I am based on the situation.,,,21,1,,
568,AQ22_F1_Q001,I take ownership of tasks assigned to me.,,,2,1,,
569,AQ22_F1_Q002,I feel responsible for completing tasks I accept.,,,2,1,,
570,AQ22_F1_Q003,I consider tasks mine once I agree to do them.,,,2,1,,
571,AQ22_F1_Q004,I prefer not to take ownership of tasks.,,,2,1,,
572,AQ22_F1_Q005,I often distance myself from tasks given to me.,,,2,1,,
573,AQ22_F1_Q006,I consider others?????? viewpoints when working on shared tasks.,,,2,1,,
574,AQ22_F2_Q001,I usually complete what I commit to.,,,2,1,,
575,AQ22_F2_Q002,I make an effort to honour my commitments.,,,2,1,,
576,AQ22_F2_Q003,I follow through on tasks I agree to do.,,,2,1,,
577,AQ22_F2_Q004,I often fail to complete what I commit to.,,,2,1,,
578,AQ22_F2_Q005,I struggle to keep commitments I make.,,,2,1,,
579,AQ22_F2_Q006,I consider others?????? reactions before responding.,,,2,1,,
580,AQ22_F3_Q001,I acknowledge my role in how things turn out.,,,2,1,,
581,AQ22_F3_Q002,I think about how my actions affect results.,,,2,1,,
582,AQ22_F3_Q003,I consider my contribution to outcomes.,,,2,1,,
583,AQ22_F3_Q004,I avoid thinking about my role in outcomes.,,,2,1,,
584,AQ22_F3_Q005,I rarely reflect on how my actions affected results.,,,2,1,,
585,AQ22_F4_Q001,I see myself as someone others can depend on.,,,2,1,,
586,AQ22_F4_Q002,I believe I am reliable in what I do.,,,2,1,,
587,AQ22_F4_Q003,I feel others can count on me for tasks.,,,2,1,,
588,AQ22_F4_Q004,I don??????t think of myself as very dependable.,,,2,1,,
589,AQ22_F4_Q005,I often doubt my reliability.,,,2,1,,
590,AQ22_F5_Q001,I understand what I am responsible for and what I am not.,,,2,1,,
591,AQ22_F5_Q002,I recognise the limits of my responsibility.,,,2,1,,
592,AQ22_F5_Q003,I take responsibility without taking on too much.,,,2,1,,
593,AQ22_F5_Q004,I often take responsibility beyond what is needed.,,,2,1,,
594,AQ22_F5_Q005,I struggle to tell where my responsibility ends.,,,2,1,,
595,AQ23_F1_Q001,I am comfortable handling tasks on my own.,,,15,1,,
596,AQ23_F1_Q002,I can complete tasks without needing frequent help.,,,15,1,,
597,AQ23_F1_Q003,I manage my work independently when needed.,,,15,1,,
598,AQ23_F1_Q004,I prefer not to work on tasks by myself.,,,15,1,,
599,AQ23_F1_Q005,I feel uneasy working without others involved.,,,15,1,,
600,AQ23_F1_Q006,I adjust my approach based on group discussions.,,,15,1,,
601,AQ23_F2_Q001,I try to solve problems on my own before asking for help.,,,15,1,,
602,AQ23_F2_Q002,I first attempt solutions myself when challenges arise.,,,15,1,,
603,AQ23_F2_Q003,I like figuring things out independently.,,,15,1,,
604,AQ23_F2_Q004,I ask for help before trying to solve problems myself.,,,15,1,,
605,AQ23_F2_Q005,I rely on others to solve problems for me.,,,15,1,,
606,AQ23_F2_Q006,I notice emotional cues in conversations.,,,15,1,,
607,AQ23_F3_Q001,I trust my judgement when making decisions.,,,15,1,,
608,AQ23_F3_Q002,I feel comfortable relying on my own decisions.,,,15,1,,
609,AQ23_F3_Q003,I believe my judgement is generally sound.,,,15,1,,
610,AQ23_F3_Q004,I often doubt my judgement when deciding.,,,15,1,,
611,AQ23_F3_Q005,I feel unsure trusting my own decisions.,,,15,1,,
612,AQ23_F4_Q001,I know when to seek help and when to try on my own.,,,15,1,,
613,AQ23_F4_Q002,I decide carefully before asking for help.,,,15,1,,
614,AQ23_F4_Q003,I seek help only after trying to solve things myself.,,,15,1,,
615,AQ23_F4_Q004,I either avoid help or depend on it too much.,,,15,1,,
616,AQ23_F4_Q005,I struggle to judge when I should ask for help.,,,15,1,,
617,AQ23_F5_Q001,I take responsibility for the work I produce.,,,15,1,,
618,AQ23_F5_Q002,I own the results of my work.,,,15,1,,
619,AQ23_F5_Q003,I accept responsibility for my work outcomes.,,,15,1,,
620,AQ23_F5_Q004,I tend to shift responsibility for my work to others.,,,15,1,,
621,AQ23_F5_Q005,I avoid taking responsibility for my own work.,,,15,1,,
622,AQ24_F1_Q001,I stay committed to tasks that take a long time to complete.,,,15,1,,
623,AQ24_F1_Q002,I am willing to continue working on long-term tasks.,,,15,1,,
624,AQ24_F1_Q003,I remain engaged even when progress takes time.,,,15,1,,
625,AQ24_F1_Q004,I often lose commitment when tasks take too long.,,,15,1,,
626,AQ24_F1_Q005,I find it hard to stay committed over long periods.,,,15,1,,
627,AQ24_F2_Q001,I keep my motivation steady over time.,,,15,1,,
628,AQ24_F2_Q002,I stay motivated even when results are slow.,,,15,1,,
629,AQ24_F2_Q003,I maintain interest in tasks that take time.,,,15,1,,
630,AQ24_F2_Q004,My motivation drops when tasks take longer than expected.,,,15,1,,
631,AQ24_F2_Q005,I struggle to stay motivated over long tasks.,,,15,1,,
632,AQ24_F2_Q006,I share information that helps a group move forward.,,,15,1,,
633,AQ24_F3_Q001,I continue putting effort into tasks over time.,,,15,1,,
634,AQ24_F3_Q002,I keep working even when tasks require sustained effort.,,,15,1,,
635,AQ24_F3_Q003,I maintain effort across extended periods.,,,15,1,,
636,AQ24_F3_Q004,I stop putting effort when tasks feel too long.,,,15,1,,
637,AQ24_F3_Q005,I find it difficult to keep effort going over time.,,,15,1,,
638,AQ24_F3_Q006,I identify important details in written information.,,,15,1,,
639,AQ24_F4_Q001,I am comfortable waiting for results after putting in effort.,,,15,1,,
640,AQ24_F4_Q002,I can work toward outcomes that take time to appear.,,,15,1,,
641,AQ24_F4_Q003,I stay engaged even when rewards are not immediate.,,,15,1,,
642,AQ24_F4_Q004,I lose interest if results are delayed.,,,15,1,,
643,AQ24_F4_Q005,I prefer tasks with quick results.,,,15,1,,
644,AQ24_F5_Q001,I continue working while adjusting my approach when needed.,,,15,1,,
645,AQ24_F5_Q002,I change strategies while staying committed to long-term tasks.,,,15,1,,
646,AQ24_F5_Q003,I adjust how I work without giving up on long-term goals.,,,15,1,,
647,AQ24_F5_Q004,I either persist without changing or give up completely.,,,15,1,,
648,AQ24_F5_Q005,I struggle to adjust while staying persistent.,,,15,1,,
649,AQ25_F1_Q001,I am curious about learning more about myself.,,,2,1,,
650,AQ25_F1_Q002,I like thinking about what my strengths and interests might be.,,,2,1,,
651,AQ25_F1_Q003,I enjoy reflecting on what suits me best.,,,2,1,,
652,AQ25_F1_Q004,I rarely think about learning more about myself.,,,2,1,,
653,AQ25_F1_Q005,I don??????t feel interested in understanding myself better.,,,2,1,,
654,AQ25_F1_Q006,I pay attention to how my actions affect group work.,,,2,1,,
655,AQ25_F2_Q001,I am open to many possible futures for myself.,,,2,1,,
656,AQ25_F2_Q002,I like thinking about different future options.,,,2,1,,
657,AQ25_F2_Q003,I am comfortable considering multiple future paths.,,,2,1,,
658,AQ25_F2_Q004,I prefer having only one clear future option in mind.,,,2,1,,
659,AQ25_F2_Q005,I feel uneasy thinking about different future possibilities.,,,2,1,,
660,AQ25_F2_Q006,I adjust how I communicate based on others?????? responses.,,,2,1,,
661,AQ25_F3_Q001,I like learning about different paths I could take in the future.,,,2,1,,
662,AQ25_F3_Q002,I am curious about various options available to me.,,,2,1,,
663,AQ25_F3_Q003,I seek information to understand different future possibilities.,,,2,1,,
664,AQ25_F3_Q004,I don??????t usually look for information about future options.,,,2,1,,
665,AQ25_F3_Q005,I avoid learning about different future paths.,,,2,1,,
666,AQ25_F4_Q001,I am willing to try different options to see what suits me.,,,2,1,,
667,AQ25_F4_Q002,I like exploring options through experience.,,,2,1,,
668,AQ25_F4_Q003,I try different activities to understand my interests.,,,2,1,,
669,AQ25_F4_Q004,I prefer not to try new options.,,,2,1,,
670,AQ25_F4_Q005,I avoid experimenting with different possibilities.,,,2,1,,
671,AQ25_F5_Q001,I am comfortable not having my future fully planned.,,,2,1,,
672,AQ25_F5_Q002,I am okay with exploring my future over time.,,,2,1,,
673,AQ25_F5_Q003,I don??????t feel rushed to decide my future right now.,,,2,1,,
674,AQ25_F5_Q004,I feel uncomfortable when my future feels uncertain.,,,2,1,,
675,AQ25_F5_Q005,I need clear future plans to feel comfortable.,,,2,1,,
